375880, -817, 3982, -440, 76, 62d793ee-84bd-475f-9599-8835dab0f6cb, , berdiri, bersedekap, , 
375918, -838, 4057, -496, 76, 62d793ee-84bd-475f-9599-8835dab0f6cb, , berdiri, bersedekap, , 
375957, -841, 3932, -367, 76, 62d793ee-84bd-475f-9599-8835dab0f6cb, , berdiri, bersedekap, , 
375996, -820, 4043, -475, 76, 62d793ee-84bd-475f-9599-8835dab0f6cb, , berdiri, bersedekap, , 
376035, -799, 4069, -467, 76, 62d793ee-84bd-475f-9599-8835dab0f6cb, , berdiri, bersedekap, , 
376074, -799, 3948, -489, 77, 62d793ee-84bd-475f-9599-8835dab0f6cb, , berdiri, bersedekap, , 
376113, -813, 4047, -495, 77, 62d793ee-84bd-475f-9599-8835dab0f6cb, , berdiri, bersedekap, , 
376152, -837, 4006, -436, 77, 62d793ee-84bd-475f-9599-8835dab0f6cb, , berdiri, bersedekap, , 
376191, -836, 3953, -463, 77, 62d793ee-84bd-475f-9599-8835dab0f6cb, , berdiri, bersedekap, , 
376230, -861, 4004, -464, 77, 62d793ee-84bd-475f-9599-8835dab0f6cb, , berdiri, bersedekap, , 
376269, -818, 3987, -473, 77, 62d793ee-84bd-475f-9599-8835dab0f6cb, , berdiri, bersedekap, , 
376308, -831, 3962, -513, 77, 62d793ee-84bd-475f-9599-8835dab0f6cb, , berdiri, bersedekap, , 
376347, -841, 3950, -441, 77, 62d793ee-84bd-475f-9599-8835dab0f6cb, , berdiri, bersedekap, , 
376386, -838, 3981, -489, 77, 62d793ee-84bd-475f-9599-8835dab0f6cb, , berdiri, bersedekap, , 
376425, -848, 4067, -482, 77, 62d793ee-84bd-475f-9599-8835dab0f6cb, , berdiri, bersedekap, , 
376464, -798, 4054, -486, 77, 62d793ee-84bd-475f-9599-8835dab0f6cb, , berdiri, bersedekap, , 
376502, -859, 3937, -498, 77, 62d793ee-84bd-475f-9599-8835dab0f6cb, , berdiri, bersedekap, , 
376541, -787, 4058, -522, 77, 62d793ee-84bd-475f-9599-8835dab0f6cb, , berdiri, bersedekap, , 
376580, -864, 3977, -530, 77, 62d793ee-84bd-475f-9599-8835dab0f6cb, , berdiri, bersedekap, , 
376619, -842, 3998, -530, 77, 62d793ee-84bd-475f-9599-8835dab0f6cb, , berdiri, bersedekap, , 
376658, -856, 3967, -538, 77, 62d793ee-84bd-475f-9599-8835dab0f6cb, , berdiri, bersedekap, , 
376696, -865, 3925, -479, 77, 62d793ee-84bd-475f-9599-8835dab0f6cb, , berdiri, bersedekap, , 
376735, -858, 3965, -501, 77, 62d793ee-84bd-475f-9599-8835dab0f6cb, , berdiri, bersedekap, , 
376774, -843, 4036, -577, 77, 62d793ee-84bd-475f-9599-8835dab0f6cb, , berdiri, bersedekap, , 
376813, -834, 3964, -524, 77, 62d793ee-84bd-475f-9599-8835dab0f6cb, , berdiri, bersedekap, , 
376852, -804, 3960, -523, 77, 62d793ee-84bd-475f-9599-8835dab0f6cb, , berdiri, bersedekap, , 
376891, -815, 3968, -531, 77, 62d793ee-84bd-475f-9599-8835dab0f6cb, , berdiri, bersedekap, , 
376930, -826, 3921, -536, 77, 62d793ee-84bd-475f-9599-8835dab0f6cb, , berdiri, bersedekap, , 
376969, -826, 3932, -549, 77, 62d793ee-84bd-475f-9599-8835dab0f6cb, , berdiri, bersedekap, , 
377008, -839, 3985, -546, 77, 62d793ee-84bd-475f-9599-8835dab0f6cb, , berdiri, bersedekap, , 
377047, -833, 3962, -582, 77, 62d793ee-84bd-475f-9599-8835dab0f6cb, , berdiri, bersedekap, , 
377086, -855, 3972, -547, 77, 62d793ee-84bd-475f-9599-8835dab0f6cb, , berdiri, bersedekap, , 
377125, -858, 3987, -539, 77, 62d793ee-84bd-475f-9599-8835dab0f6cb, , berdiri, bersedekap, , 
377164, -869, 4009, -543, 77, 62d793ee-84bd-475f-9599-8835dab0f6cb, , berdiri, bersedekap, , 
377203, -837, 4010, -512, 77, 62d793ee-84bd-475f-9599-8835dab0f6cb, , berdiri, bersedekap, , 
377243, -836, 3992, -535, 77, 62d793ee-84bd-475f-9599-8835dab0f6cb, , berdiri, bersedekap, , 
377279, -829, 3975, -531, 78, 62d793ee-84bd-475f-9599-8835dab0f6cb, , berdiri, bersedekap, , 
377315, -826, 3895, -548, 78, 62d793ee-84bd-475f-9599-8835dab0f6cb, , berdiri, bersedekap, , 
377351, -856, 3933, -529, 78, 62d793ee-84bd-475f-9599-8835dab0f6cb, , berdiri, bersedekap, , 
377387, -858, 4006, -536, 78, 62d793ee-84bd-475f-9599-8835dab0f6cb, , berdiri, bersedekap, , 
377423, -842, 3988, -589, 78, 62d793ee-84bd-475f-9599-8835dab0f6cb, , berdiri, bersedekap, , 
377459, -838, 4005, -502, 78, 62d793ee-84bd-475f-9599-8835dab0f6cb, , berdiri, bersedekap, , 
377495, -835, 3989, -557, 78, 62d793ee-84bd-475f-9599-8835dab0f6cb, , berdiri, bersedekap, , 
377531, -861, 3977, -540, 78, 62d793ee-84bd-475f-9599-8835dab0f6cb, , berdiri, bersedekap, , 
377567, -838, 3927, -535, 78, 62d793ee-84bd-475f-9599-8835dab0f6cb, , berdiri, bersedekap, , 
377603, -816, 3984, -576, 78, 62d793ee-84bd-475f-9599-8835dab0f6cb, , berdiri, bersedekap, , 
377640, -867, 3990, -498, 78, 62d793ee-84bd-475f-9599-8835dab0f6cb, , berdiri, bersedekap, , 
377679, -837, 4028, -512, 78, 62d793ee-84bd-475f-9599-8835dab0f6cb, , berdiri, bersedekap, , 
377718, -899, 3964, -482, 78, 62d793ee-84bd-475f-9599-8835dab0f6cb, , berdiri, bersedekap, , 
377757, -857, 3917, -447, 78, 62d793ee-84bd-475f-9599-8835dab0f6cb, , berdiri, bersedekap, , 
377796, -896, 3945, -482, 78, 62d793ee-84bd-475f-9599-8835dab0f6cb, , berdiri, bersedekap, , 
377835, -874, 4011, -472, 78, 62d793ee-84bd-475f-9599-8835dab0f6cb, , berdiri, bersedekap, , 
377874, -909, 3964, -445, 78, 62d793ee-84bd-475f-9599-8835dab0f6cb, , berdiri, bersedekap, , 
377913, -899, 3982, -508, 78, 62d793ee-84bd-475f-9599-8835dab0f6cb, , berdiri, bersedekap, , 
377952, -896, 3962, -484, 78, 62d793ee-84bd-475f-9599-8835dab0f6cb, , berdiri, bersedekap, , 
377991, -853, 3936, -545, 78, 62d793ee-84bd-475f-9599-8835dab0f6cb, , berdiri, bersedekap, , 
378031, -897, 3966, -459, 78, 62d793ee-84bd-475f-9599-8835dab0f6cb, , berdiri, bersedekap, , 
378071, -872, 3997, -540, 78, 62d793ee-84bd-475f-9599-8835dab0f6cb, , berdiri, bersedekap, , 
378111, -924, 4026, -460, 78, 62d793ee-84bd-475f-9599-8835dab0f6cb, , berdiri, bersedekap, , 
378152, -849, 3974, -534, 78, 62d793ee-84bd-475f-9599-8835dab0f6cb, , berdiri, bersedekap, , 
378192, -908, 3927, -478, 78, 62d793ee-84bd-475f-9599-8835dab0f6cb, , berdiri, bersedekap, , 
378233, -896, 3955, -504, 78, 62d793ee-84bd-475f-9599-8835dab0f6cb, , berdiri, bersedekap, , 
378273, -900, 3979, -497, 78, 62d793ee-84bd-475f-9599-8835dab0f6cb, , berdiri, bersedekap, , 
378313, -885, 4004, -554, 78, 62d793ee-84bd-475f-9599-8835dab0f6cb, , berdiri, bersedekap, , 
378354, -882, 3963, -493, 78, 62d793ee-84bd-475f-9599-8835dab0f6cb, , berdiri, bersedekap, , 
378394, -856, 3959, -543, 78, 62d793ee-84bd-475f-9599-8835dab0f6cb, , berdiri, bersedekap, , 
378435, -899, 3965, -520, 78, 62d793ee-84bd-475f-9599-8835dab0f6cb, , berdiri, bersedekap, , 
378471, -854, 3952, -512, 78, 62d793ee-84bd-475f-9599-8835dab0f6cb, , berdiri, bersedekap, , 
378508, -852, 3990, -546, 78, 62d793ee-84bd-475f-9599-8835dab0f6cb, , berdiri, bersedekap, , 
378545, -886, 3935, -514, 78, 62d793ee-84bd-475f-9599-8835dab0f6cb, , berdiri, bersedekap, , 
378582, -839, 3977, -541, 78, 62d793ee-84bd-475f-9599-8835dab0f6cb, , berdiri, bersedekap, , 
378619, -848, 3964, -550, 78, 62d793ee-84bd-475f-9599-8835dab0f6cb, , berdiri, bersedekap, , 
378655, -830, 3997, -550, 78, 62d793ee-84bd-475f-9599-8835dab0f6cb, , berdiri, bersedekap, , 
378692, -856, 3965, -561, 78, 62d793ee-84bd-475f-9599-8835dab0f6cb, , berdiri, bersedekap, , 
378729, -843, 3998, -538, 78, 62d793ee-84bd-475f-9599-8835dab0f6cb, , berdiri, bersedekap, , 
378766, -822, 3971, -552, 78, 62d793ee-84bd-475f-9599-8835dab0f6cb, , berdiri, bersedekap, , 
378803, -878, 3972, -546, 78, 62d793ee-84bd-475f-9599-8835dab0f6cb, , berdiri, bersedekap, , 
378840, -866, 3976, -568, 78, 62d793ee-84bd-475f-9599-8835dab0f6cb, , berdiri, bersedekap, , 
378877, -847, 3968, -523, 78, 62d793ee-84bd-475f-9599-8835dab0f6cb, , berdiri, bersedekap, , 
378915, -869, 3986, -568, 78, 62d793ee-84bd-475f-9599-8835dab0f6cb, , berdiri, bersedekap, , 
378953, -887, 3979, -526, 78, 62d793ee-84bd-475f-9599-8835dab0f6cb, , berdiri, bersedekap, , 
378991, -865, 3957, -526, 78, 62d793ee-84bd-475f-9599-8835dab0f6cb, , berdiri, bersedekap, , 
379029, -873, 3948, -521, 78, 62d793ee-84bd-475f-9599-8835dab0f6cb, , berdiri, bersedekap, , 
379067, -867, 3977, -507, 78, 62d793ee-84bd-475f-9599-8835dab0f6cb, , berdiri, bersedekap, , 
379105, -868, 3983, -524, 78, 62d793ee-84bd-475f-9599-8835dab0f6cb, , berdiri, bersedekap, , 
379143, -877, 4011, -544, 78, 62d793ee-84bd-475f-9599-8835dab0f6cb, , berdiri, bersedekap, , 
379181, -873, 3954, -512, 78, 62d793ee-84bd-475f-9599-8835dab0f6cb, , berdiri, bersedekap, , 
379219, -864, 3907, -577, 78, 62d793ee-84bd-475f-9599-8835dab0f6cb, , berdiri, bersedekap, , 
379258, -900, 3953, -501, 78, 62d793ee-84bd-475f-9599-8835dab0f6cb, , berdiri, bersedekap, , 
379298, -890, 3954, -558, 78, 62d793ee-84bd-475f-9599-8835dab0f6cb, , berdiri, bersedekap, , 
379337, -868, 3953, -479, 78, 62d793ee-84bd-475f-9599-8835dab0f6cb, , berdiri, bersedekap, , 
379377, -838, 3958, -546, 78, 62d793ee-84bd-475f-9599-8835dab0f6cb, , berdiri, bersedekap, , 
379417, -872, 3921, -532, 78, 62d793ee-84bd-475f-9599-8835dab0f6cb, , berdiri, bersedekap, , 
379456, -877, 3941, -554, 78, 62d793ee-84bd-475f-9599-8835dab0f6cb, , berdiri, bersedekap, , 
379496, -906, 4012, -520, 78, 62d793ee-84bd-475f-9599-8835dab0f6cb, , berdiri, bersedekap, , 
379535, -874, 4011, -579, 78, 62d793ee-84bd-475f-9599-8835dab0f6cb, , berdiri, bersedekap, , 
379575, -906, 3940, -494, 78, 62d793ee-84bd-475f-9599-8835dab0f6cb, , berdiri, bersedekap, , 
379615, -866, 3957, -568, 78, 62d793ee-84bd-475f-9599-8835dab0f6cb, , berdiri, bersedekap, , 
379651, -880, 3921, -531, 78, 62d793ee-84bd-475f-9599-8835dab0f6cb, , berdiri, bersedekap, , 
379688, -875, 4008, -565, 78, 62d793ee-84bd-475f-9599-8835dab0f6cb, , berdiri, bersedekap, , 
379725, -888, 3997, -532, 78, 62d793ee-84bd-475f-9599-8835dab0f6cb, , berdiri, bersedekap, , 
379762, -888, 3967, -542, 78, 62d793ee-84bd-475f-9599-8835dab0f6cb, , berdiri, bersedekap, , 
379799, -881, 3970, -581, 78, 62d793ee-84bd-475f-9599-8835dab0f6cb, , berdiri, bersedekap, , 
379835, -864, 3955, -564, 78, 62d793ee-84bd-475f-9599-8835dab0f6cb, , berdiri, bersedekap, , 
379872, -877, 4004, -574, 78, 62d793ee-84bd-475f-9599-8835dab0f6cb, , berdiri, bersedekap, , 
379909, -875, 3986, -564, 78, 62d793ee-84bd-475f-9599-8835dab0f6cb, , berdiri, bersedekap, , 
379946, -859, 3959, -546, 78, 62d793ee-84bd-475f-9599-8835dab0f6cb, , berdiri, bersedekap, , 
379983, -895, 3986, -558, 78, 62d793ee-84bd-475f-9599-8835dab0f6cb, , berdiri, bersedekap, , 
380020, -877, 3943, -551, 78, 62d793ee-84bd-475f-9599-8835dab0f6cb, , berdiri, bersedekap, , 
380061, -884, 3990, -546, 78, 62d793ee-84bd-475f-9599-8835dab0f6cb, , berdiri, bersedekap, , 
380102, -865, 4000, -579, 78, 62d793ee-84bd-475f-9599-8835dab0f6cb, , berdiri, bersedekap, , 
380143, -844, 3936, -536, 78, 62d793ee-84bd-475f-9599-8835dab0f6cb, , berdiri, bersedekap, , 
380184, -853, 3936, -553, 78, 62d793ee-84bd-475f-9599-8835dab0f6cb, , berdiri, bersedekap, , 
380225, -889, 4020, -559, 78, 62d793ee-84bd-475f-9599-8835dab0f6cb, , berdiri, bersedekap, , 
380266, -911, 3998, -536, 78, 62d793ee-84bd-475f-9599-8835dab0f6cb, , berdiri, bersedekap, , 
380307, -900, 3996, -550, 78, 62d793ee-84bd-475f-9599-8835dab0f6cb, , berdiri, bersedekap, , 
380348, -869, 3927, -572, 78, 62d793ee-84bd-475f-9599-8835dab0f6cb, , berdiri, bersedekap, , 
380389, -866, 3889, -536, 78, 62d793ee-84bd-475f-9599-8835dab0f6cb, , berdiri, bersedekap, , 
380431, -898, 3982, -557, 78, 62d793ee-84bd-475f-9599-8835dab0f6cb, , berdiri, bersedekap, , 
380469, -893, 3973, -538, 78, 62d793ee-84bd-475f-9599-8835dab0f6cb, , berdiri, bersedekap, , 
380508, -861, 3957, -604, 78, 62d793ee-84bd-475f-9599-8835dab0f6cb, , berdiri, bersedekap, , 
380546, -875, 3942, -534, 78, 62d793ee-84bd-475f-9599-8835dab0f6cb, , berdiri, bersedekap, , 
380585, -892, 3979, -562, 78, 62d793ee-84bd-475f-9599-8835dab0f6cb, , berdiri, bersedekap, , 
380623, -914, 3956, -566, 78, 62d793ee-84bd-475f-9599-8835dab0f6cb, , berdiri, bersedekap, , 
380662, -916, 3952, -549, 78, 62d793ee-84bd-475f-9599-8835dab0f6cb, , berdiri, bersedekap, , 
380700, -897, 3980, -576, 78, 62d793ee-84bd-475f-9599-8835dab0f6cb, , berdiri, bersedekap, , 
380739, -885, 3957, -539, 78, 62d793ee-84bd-475f-9599-8835dab0f6cb, , berdiri, bersedekap, , 
380777, -869, 3957, -583, 78, 62d793ee-84bd-475f-9599-8835dab0f6cb, , berdiri, bersedekap, , 
380816, -905, 3964, -567, 78, 62d793ee-84bd-475f-9599-8835dab0f6cb, , berdiri, bersedekap, , 
380855, -917, 3942, -566, 78, 62d793ee-84bd-475f-9599-8835dab0f6cb, , berdiri, bersedekap, , 
380892, -908, 3945, -562, 78, 62d793ee-84bd-475f-9599-8835dab0f6cb, , berdiri, bersedekap, , 
380929, -885, 3946, -579, 78, 62d793ee-84bd-475f-9599-8835dab0f6cb, , berdiri, bersedekap, , 
380966, -936, 3925, -589, 78, 62d793ee-84bd-475f-9599-8835dab0f6cb, , berdiri, bersedekap, , 
381003, -907, 3940, -574, 78, 62d793ee-84bd-475f-9599-8835dab0f6cb, , berdiri, bersedekap, , 
381040, -956, 3951, -548, 78, 62d793ee-84bd-475f-9599-8835dab0f6cb, , berdiri, bersedekap, , 
381077, -877, 3967, -635, 78, 62d793ee-84bd-475f-9599-8835dab0f6cb, , berdiri, bersedekap, , 
381114, -896, 3942, -568, 78, 62d793ee-84bd-475f-9599-8835dab0f6cb, , berdiri, bersedekap, , 
381151, -894, 3981, -625, 78, 62d793ee-84bd-475f-9599-8835dab0f6cb, , berdiri, bersedekap, , 
381188, -895, 3937, -598, 78, 62d793ee-84bd-475f-9599-8835dab0f6cb, , berdiri, bersedekap, , 
381225, -909, 3936, -585, 78, 62d793ee-84bd-475f-9599-8835dab0f6cb, , berdiri, bersedekap, , 
381260, -893, 3994, -622, 78, 62d793ee-84bd-475f-9599-8835dab0f6cb, , berdiri, bersedekap, , 
381295, -877, 3968, -581, 78, 62d793ee-84bd-475f-9599-8835dab0f6cb, , berdiri, bersedekap, , 
381331, -890, 3979, -580, 78, 62d793ee-84bd-475f-9599-8835dab0f6cb, , berdiri, bersedekap, , 
381366, -907, 4019, -648, 78, 62d793ee-84bd-475f-9599-8835dab0f6cb, , berdiri, bersedekap, , 
381401, -920, 3951, -630, 78, 62d793ee-84bd-475f-9599-8835dab0f6cb, , berdiri, bersedekap, , 
381437, -936, 3893, -594, 78, 62d793ee-84bd-475f-9599-8835dab0f6cb, , berdiri, bersedekap, , 
381472, -920, 3952, -575, 78, 62d793ee-84bd-475f-9599-8835dab0f6cb, , berdiri, bersedekap, , 
381507, -877, 3973, -642, 78, 62d793ee-84bd-475f-9599-8835dab0f6cb, , berdiri, bersedekap, , 
381543, -876, 3989, -600, 78, 62d793ee-84bd-475f-9599-8835dab0f6cb, , berdiri, bersedekap, , 
381578, -880, 3993, -636, 78, 62d793ee-84bd-475f-9599-8835dab0f6cb, , berdiri, bersedekap, , 
381614, -909, 3933, -543, 78, 62d793ee-84bd-475f-9599-8835dab0f6cb, , berdiri, bersedekap, , 
381656, -921, 3962, -555, 78, 62d793ee-84bd-475f-9599-8835dab0f6cb, , berdiri, bersedekap, , 
381698, -908, 3960, -590, 78, 62d793ee-84bd-475f-9599-8835dab0f6cb, , berdiri, bersedekap, , 
381740, -867, 3949, -559, 78, 62d793ee-84bd-475f-9599-8835dab0f6cb, , berdiri, bersedekap, , 
381782, -904, 3972, -520, 78, 62d793ee-84bd-475f-9599-8835dab0f6cb, , berdiri, bersedekap, , 
381824, -929, 4011, -559, 78, 62d793ee-84bd-475f-9599-8835dab0f6cb, , berdiri, bersedekap, , 
381866, -976, 3946, -494, 78, 62d793ee-84bd-475f-9599-8835dab0f6cb, , berdiri, bersedekap, , 
381908, -952, 3943, -548, 78, 62d793ee-84bd-475f-9599-8835dab0f6cb, , berdiri, bersedekap, , 
381950, -966, 3899, -505, 78, 62d793ee-84bd-475f-9599-8835dab0f6cb, , berdiri, bersedekap, , 
381992, -957, 3911, -530, 78, 62d793ee-84bd-475f-9599-8835dab0f6cb, , berdiri, bersedekap, , 
382034, -929, 3906, -537, 78, 62d793ee-84bd-475f-9599-8835dab0f6cb, , berdiri, bersedekap, , 
382074, -940, 3860, -521, 78, 62d793ee-84bd-475f-9599-8835dab0f6cb, , berdiri, bersedekap, , 
382115, -927, 3970, -556, 78, 62d793ee-84bd-475f-9599-8835dab0f6cb, , berdiri, bersedekap, , 
382155, -910, 3983, -533, 78, 62d793ee-84bd-475f-9599-8835dab0f6cb, , berdiri, bersedekap, , 
382196, -916, 3945, -558, 78, 62d793ee-84bd-475f-9599-8835dab0f6cb, , berdiri, bersedekap, , 
382237, -939, 3978, -507, 78, 62d793ee-84bd-475f-9599-8835dab0f6cb, , berdiri, bersedekap, , 
382277, -936, 3992, -595, 78, 62d793ee-84bd-475f-9599-8835dab0f6cb, , berdiri, bersedekap, , 
382318, -920, 3914, -539, 78, 62d793ee-84bd-475f-9599-8835dab0f6cb, , berdiri, bersedekap, , 
382358, -904, 3933, -525, 78, 62d793ee-84bd-475f-9599-8835dab0f6cb, , berdiri, bersedekap, , 
382399, -915, 3979, -615, 78, 62d793ee-84bd-475f-9599-8835dab0f6cb, , berdiri, bersedekap, , 
382440, -928, 3928, -549, 78, 62d793ee-84bd-475f-9599-8835dab0f6cb, , berdiri, bersedekap, , 
382475, -910, 3947, -587, 77, 62d793ee-84bd-475f-9599-8835dab0f6cb, , berdiri, bersedekap, , 
382511, -901, 3984, -571, 77, 62d793ee-84bd-475f-9599-8835dab0f6cb, , berdiri, bersedekap, , 
382547, -887, 4007, -632, 77, 62d793ee-84bd-475f-9599-8835dab0f6cb, , berdiri, bersedekap, , 
382583, -878, 3940, -599, 77, 62d793ee-84bd-475f-9599-8835dab0f6cb, , berdiri, bersedekap, , 
382619, -923, 3914, -568, 77, 62d793ee-84bd-475f-9599-8835dab0f6cb, , berdiri, bersedekap, , 
382655, -928, 3965, -605, 77, 62d793ee-84bd-475f-9599-8835dab0f6cb, , berdiri, bersedekap, , 
382691, -948, 3957, -542, 77, 62d793ee-84bd-475f-9599-8835dab0f6cb, , berdiri, bersedekap, , 
382727, -861, 4001, -632, 77, 62d793ee-84bd-475f-9599-8835dab0f6cb, , berdiri, bersedekap, , 
382763, -897, 3924, -546, 77, 62d793ee-84bd-475f-9599-8835dab0f6cb, , berdiri, bersedekap, , 
382799, -909, 3991, -614, 77, 62d793ee-84bd-475f-9599-8835dab0f6cb, , berdiri, bersedekap, , 
382835, -922, 3928, -590, 77, 62d793ee-84bd-475f-9599-8835dab0f6cb, , berdiri, bersedekap, , 
382875, -909, 3956, -554, 77, 62d793ee-84bd-475f-9599-8835dab0f6cb, , berdiri, bersedekap, , 
382915, -858, 4002, -629, 77, 62d793ee-84bd-475f-9599-8835dab0f6cb, , berdiri, bersedekap, , 
382955, -885, 3955, -552, 77, 62d793ee-84bd-475f-9599-8835dab0f6cb, , berdiri, bersedekap, , 
382995, -890, 3947, -565, 77, 62d793ee-84bd-475f-9599-8835dab0f6cb, , berdiri, bersedekap, , 
383035, -885, 3963, -551, 77, 62d793ee-84bd-475f-9599-8835dab0f6cb, , berdiri, bersedekap, , 
383075, -911, 3967, -578, 77, 62d793ee-84bd-475f-9599-8835dab0f6cb, , berdiri, bersedekap, , 
383115, -905, 3961, -578, 77, 62d793ee-84bd-475f-9599-8835dab0f6cb, , berdiri, bersedekap, , 
383155, -927, 3929, -573, 77, 62d793ee-84bd-475f-9599-8835dab0f6cb, , berdiri, bersedekap, , 
383195, -903, 3948, -584, 77, 62d793ee-84bd-475f-9599-8835dab0f6cb, , berdiri, bersedekap, , 
383235, -923, 3942, -570, 77, 62d793ee-84bd-475f-9599-8835dab0f6cb, , berdiri, bersedekap, , 
383275, -883, 3923, -632, 77, 62d793ee-84bd-475f-9599-8835dab0f6cb, , berdiri, bersedekap, , 
383316, -892, 3946, -566, 77, 62d793ee-84bd-475f-9599-8835dab0f6cb, , berdiri, bersedekap, , 
383356, -895, 3975, -608, 77, 62d793ee-84bd-475f-9599-8835dab0f6cb, , berdiri, bersedekap, , 
383397, -893, 3943, -569, 77, 62d793ee-84bd-475f-9599-8835dab0f6cb, , berdiri, bersedekap, , 
383437, -879, 4035, -597, 77, 62d793ee-84bd-475f-9599-8835dab0f6cb, , berdiri, bersedekap, , 
383478, -872, 3997, -634, 77, 62d793ee-84bd-475f-9599-8835dab0f6cb, , berdiri, bersedekap, , 
383518, -878, 3908, -568, 77, 62d793ee-84bd-475f-9599-8835dab0f6cb, , berdiri, bersedekap, , 
383559, -917, 3916, -602, 77, 62d793ee-84bd-475f-9599-8835dab0f6cb, , berdiri, bersedekap, , 
383599, -894, 3977, -612, 77, 62d793ee-84bd-475f-9599-8835dab0f6cb, , berdiri, bersedekap, , 
383640, -903, 3967, -616, 77, 62d793ee-84bd-475f-9599-8835dab0f6cb, , berdiri, bersedekap, , 
383677, -901, 3962, -610, 77, 62d793ee-84bd-475f-9599-8835dab0f6cb, , berdiri, bersedekap, , 
383714, -891, 3943, -577, 77, 62d793ee-84bd-475f-9599-8835dab0f6cb, , berdiri, bersedekap, , 
383752, -920, 3923, -617, 77, 62d793ee-84bd-475f-9599-8835dab0f6cb, , berdiri, bersedekap, , 
383789, -896, 3951, -588, 77, 62d793ee-84bd-475f-9599-8835dab0f6cb, , berdiri, bersedekap, , 
383827, -864, 3970, -683, 77, 62d793ee-84bd-475f-9599-8835dab0f6cb, , berdiri, bersedekap, , 
383864, -907, 3971, -603, 77, 62d793ee-84bd-475f-9599-8835dab0f6cb, , berdiri, bersedekap, , 
383902, -902, 3963, -616, 77, 62d793ee-84bd-475f-9599-8835dab0f6cb, , berdiri, bersedekap, , 
383939, -918, 3955, -632, 77, 62d793ee-84bd-475f-9599-8835dab0f6cb, , berdiri, bersedekap, , 
383977, -916, 3968, -615, 77, 62d793ee-84bd-475f-9599-8835dab0f6cb, , berdiri, bersedekap, , 
384014, -898, 3989, -666, 77, 62d793ee-84bd-475f-9599-8835dab0f6cb, , berdiri, bersedekap, , 
384052, -891, 3944, -601, 77, 62d793ee-84bd-475f-9599-8835dab0f6cb, , berdiri, bersedekap, , 
384090, -894, 3966, -631, 77, 62d793ee-84bd-475f-9599-8835dab0f6cb, , berdiri, bersedekap, , 
384128, -900, 3921, -612, 77, 62d793ee-84bd-475f-9599-8835dab0f6cb, , berdiri, bersedekap, , 
384167, -869, 3944, -641, 77, 62d793ee-84bd-475f-9599-8835dab0f6cb, , berdiri, bersedekap, , 
384205, -897, 3976, -641, 77, 62d793ee-84bd-475f-9599-8835dab0f6cb, , berdiri, bersedekap, , 
384244, -911, 3969, -616, 77, 62d793ee-84bd-475f-9599-8835dab0f6cb, , berdiri, bersedekap, , 
384282, -888, 3971, -647, 77, 62d793ee-84bd-475f-9599-8835dab0f6cb, , berdiri, bersedekap, , 
384320, -908, 3972, -571, 77, 62d793ee-84bd-475f-9599-8835dab0f6cb, , berdiri, bersedekap, , 
384359, -857, 3974, -676, 77, 62d793ee-84bd-475f-9599-8835dab0f6cb, , berdiri, bersedekap, , 
384397, -869, 3992, -583, 77, 62d793ee-84bd-475f-9599-8835dab0f6cb, , berdiri, bersedekap, , 
384436, -867, 3968, -599, 77, 62d793ee-84bd-475f-9599-8835dab0f6cb, , berdiri, bersedekap, , 
384476, -891, 3941, -648, 77, 62d793ee-84bd-475f-9599-8835dab0f6cb, , berdiri, bersedekap, , 
384517, -871, 3919, -598, 77, 62d793ee-84bd-475f-9599-8835dab0f6cb, , berdiri, bersedekap, , 
384558, -882, 3926, -591, 77, 62d793ee-84bd-475f-9599-8835dab0f6cb, , berdiri, bersedekap, , 
384598, -862, 3952, -597, 77, 62d793ee-84bd-475f-9599-8835dab0f6cb, , berdiri, bersedekap, , 
384639, -870, 3935, -583, 77, 62d793ee-84bd-475f-9599-8835dab0f6cb, , berdiri, bersedekap, , 
384680, -846, 3944, -582, 77, 62d793ee-84bd-475f-9599-8835dab0f6cb, , berdiri, bersedekap, , 
384721, -853, 3919, -611, 77, 62d793ee-84bd-475f-9599-8835dab0f6cb, , berdiri, bersedekap, , 
384761, -860, 3920, -592, 77, 62d793ee-84bd-475f-9599-8835dab0f6cb, , berdiri, bersedekap, , 
384802, -840, 3943, -596, 77, 62d793ee-84bd-475f-9599-8835dab0f6cb, , berdiri, bersedekap, , 
384843, -836, 3922, -644, 77, 62d793ee-84bd-475f-9599-8835dab0f6cb, , berdiri, bersedekap, , 
384884, -861, 3925, -617, 77, 62d793ee-84bd-475f-9599-8835dab0f6cb, , berdiri, bersedekap, , 
384920, -902, 4033, -601, 78, 62d793ee-84bd-475f-9599-8835dab0f6cb, , berdiri, bersedekap, , 
384957, -878, 4003, -635, 78, 62d793ee-84bd-475f-9599-8835dab0f6cb, , berdiri, bersedekap, , 
384993, -823, 3981, -598, 78, 62d793ee-84bd-475f-9599-8835dab0f6cb, , berdiri, bersedekap, , 
385030, -897, 3965, -620, 78, 62d793ee-84bd-475f-9599-8835dab0f6cb, , berdiri, bersedekap, , 
385066, -858, 3902, -597, 78, 62d793ee-84bd-475f-9599-8835dab0f6cb, , berdiri, bersedekap, , 
385103, -880, 3989, -608, 78, 62d793ee-84bd-475f-9599-8835dab0f6cb, , berdiri, bersedekap, , 
385139, -865, 3970, -636, 78, 62d793ee-84bd-475f-9599-8835dab0f6cb, , berdiri, bersedekap, , 
385176, -840, 3929, -592, 78, 62d793ee-84bd-475f-9599-8835dab0f6cb, , berdiri, bersedekap, , 
385212, -842, 3969, -617, 78, 62d793ee-84bd-475f-9599-8835dab0f6cb, , berdiri, bersedekap, , 
385249, -869, 3958, -606, 78, 62d793ee-84bd-475f-9599-8835dab0f6cb, , berdiri, bersedekap, , 
385284, -879, 3967, -631, 78, 62d793ee-84bd-475f-9599-8835dab0f6cb, , berdiri, bersedekap, , 
385319, -839, 3936, -625, 78, 62d793ee-84bd-475f-9599-8835dab0f6cb, , berdiri, bersedekap, , 
385354, -912, 3944, -585, 78, 62d793ee-84bd-475f-9599-8835dab0f6cb, , berdiri, bersedekap, , 
385390, -859, 3956, -648, 78, 62d793ee-84bd-475f-9599-8835dab0f6cb, , berdiri, bersedekap, , 
385425, -876, 3945, -615, 78, 62d793ee-84bd-475f-9599-8835dab0f6cb, , berdiri, bersedekap, , 
385460, -835, 3960, -660, 78, 62d793ee-84bd-475f-9599-8835dab0f6cb, , berdiri, bersedekap, , 
385495, -861, 3954, -593, 78, 62d793ee-84bd-475f-9599-8835dab0f6cb, , berdiri, bersedekap, , 
385531, -847, 3977, -658, 78, 62d793ee-84bd-475f-9599-8835dab0f6cb, , berdiri, bersedekap, , 
385566, -869, 3949, -615, 78, 62d793ee-84bd-475f-9599-8835dab0f6cb, , berdiri, bersedekap, , 
385601, -887, 3978, -607, 78, 62d793ee-84bd-475f-9599-8835dab0f6cb, , berdiri, bersedekap, , 
385637, -863, 3955, -664, 78, 62d793ee-84bd-475f-9599-8835dab0f6cb, , berdiri, bersedekap, , 
385677, -859, 3913, -635, 78, 62d793ee-84bd-475f-9599-8835dab0f6cb, , berdiri, bersedekap, , 
385717, -885, 3930, -640, 78, 62d793ee-84bd-475f-9599-8835dab0f6cb, , berdiri, bersedekap, , 
385757, -873, 3961, -652, 78, 62d793ee-84bd-475f-9599-8835dab0f6cb, , berdiri, bersedekap, , 
385797, -885, 3947, -625, 78, 62d793ee-84bd-475f-9599-8835dab0f6cb, , berdiri, bersedekap, , 
385838, -882, 3974, -658, 78, 62d793ee-84bd-475f-9599-8835dab0f6cb, , berdiri, bersedekap, , 
385878, -876, 3967, -651, 78, 62d793ee-84bd-475f-9599-8835dab0f6cb, , berdiri, bersedekap, , 
385918, -887, 3946, -652, 78, 62d793ee-84bd-475f-9599-8835dab0f6cb, , berdiri, bersedekap, , 
385958, -893, 3988, -625, 78, 62d793ee-84bd-475f-9599-8835dab0f6cb, , berdiri, bersedekap, , 
385998, -880, 3953, -666, 78, 62d793ee-84bd-475f-9599-8835dab0f6cb, , berdiri, bersedekap, , 
386039, -843, 3960, -647, 78, 62d793ee-84bd-475f-9599-8835dab0f6cb, , berdiri, bersedekap, , 
386081, -846, 3961, -669, 77, 62d793ee-84bd-475f-9599-8835dab0f6cb, , berdiri, bersedekap, , 
386124, -882, 3959, -651, 77, 62d793ee-84bd-475f-9599-8835dab0f6cb, , berdiri, bersedekap, , 
386167, -890, 3976, -659, 77, 62d793ee-84bd-475f-9599-8835dab0f6cb, , berdiri, bersedekap, , 
386210, -905, 3972, -645, 77, 62d793ee-84bd-475f-9599-8835dab0f6cb, , berdiri, bersedekap, , 
386253, -875, 3983, -684, 77, 62d793ee-84bd-475f-9599-8835dab0f6cb, , berdiri, bersedekap, , 
386296, -881, 3929, -651, 77, 62d793ee-84bd-475f-9599-8835dab0f6cb, , berdiri, bersedekap, , 
386339, -874, 3933, -658, 77, 62d793ee-84bd-475f-9599-8835dab0f6cb, , berdiri, bersedekap, , 
386382, -877, 3929, -657, 77, 62d793ee-84bd-475f-9599-8835dab0f6cb, , berdiri, bersedekap, , 
386425, -874, 3984, -649, 77, 62d793ee-84bd-475f-9599-8835dab0f6cb, , berdiri, bersedekap, , 
386468, -867, 3971, -623, 77, 62d793ee-84bd-475f-9599-8835dab0f6cb, , berdiri, bersedekap, , 
386501, -866, 3964, -623, 77, 62d793ee-84bd-475f-9599-8835dab0f6cb, , berdiri, bersedekap, , 
386534, -874, 3936, -648, 77, 62d793ee-84bd-475f-9599-8835dab0f6cb, , berdiri, bersedekap, , 
386567, -895, 3972, -589, 77, 62d793ee-84bd-475f-9599-8835dab0f6cb, , berdiri, bersedekap, , 
386601, -877, 3957, -667, 77, 62d793ee-84bd-475f-9599-8835dab0f6cb, , berdiri, bersedekap, , 
386634, -869, 3957, -573, 77, 62d793ee-84bd-475f-9599-8835dab0f6cb, , berdiri, bersedekap, , 
386667, -840, 3979, -624, 77, 62d793ee-84bd-475f-9599-8835dab0f6cb, , berdiri, bersedekap, , 
386700, -889, 3944, -600, 77, 62d793ee-84bd-475f-9599-8835dab0f6cb, , berdiri, bersedekap, , 
386734, -892, 3951, -573, 77, 62d793ee-84bd-475f-9599-8835dab0f6cb, , berdiri, bersedekap, , 
386767, -887, 3981, -606, 77, 62d793ee-84bd-475f-9599-8835dab0f6cb, , berdiri, bersedekap, , 
386800, -887, 3934, -583, 77, 62d793ee-84bd-475f-9599-8835dab0f6cb, , berdiri, bersedekap, , 
386834, -848, 3947, -580, 77, 62d793ee-84bd-475f-9599-8835dab0f6cb, , berdiri, bersedekap, , 
386880, -877, 3954, -580, 77, 62d793ee-84bd-475f-9599-8835dab0f6cb, , berdiri, bersedekap, , 
386927, -859, 3946, -584, 77, 62d793ee-84bd-475f-9599-8835dab0f6cb, , berdiri, bersedekap, , 
386974, -885, 3944, -591, 77, 62d793ee-84bd-475f-9599-8835dab0f6cb, , berdiri, bersedekap, , 
387020, -841, 3943, -609, 77, 62d793ee-84bd-475f-9599-8835dab0f6cb, , berdiri, bersedekap, , 
387067, -865, 3897, -588, 77, 62d793ee-84bd-475f-9599-8835dab0f6cb, , berdiri, bersedekap, , 
387114, -857, 3925, -596, 77, 62d793ee-84bd-475f-9599-8835dab0f6cb, , berdiri, bersedekap, , 
387160, -896, 4010, -557, 77, 62d793ee-84bd-475f-9599-8835dab0f6cb, , berdiri, bersedekap, , 
387207, -859, 4033, -663, 77, 62d793ee-84bd-475f-9599-8835dab0f6cb, , berdiri, bersedekap, , 
387254, -831, 3986, -568, 77, 62d793ee-84bd-475f-9599-8835dab0f6cb, , berdiri, bersedekap, , 
387301, -869, 3950, -610, 77, 62d793ee-84bd-475f-9599-8835dab0f6cb, , berdiri, bersedekap, , 
387335, -865, 3946, -600, 77, 62d793ee-84bd-475f-9599-8835dab0f6cb, , berdiri, bersedekap, , 
387370, -833, 3987, -604, 77, 62d793ee-84bd-475f-9599-8835dab0f6cb, , berdiri, bersedekap, , 
387405, -842, 3945, -644, 77, 62d793ee-84bd-475f-9599-8835dab0f6cb, , berdiri, bersedekap, , 
387440, -869, 3926, -588, 77, 62d793ee-84bd-475f-9599-8835dab0f6cb, , berdiri, bersedekap, , 
387475, -882, 3958, -627, 77, 62d793ee-84bd-475f-9599-8835dab0f6cb, , berdiri, bersedekap, , 
387509, -892, 3948, -608, 77, 62d793ee-84bd-475f-9599-8835dab0f6cb, , berdiri, bersedekap, , 
387544, -876, 3971, -624, 77, 62d793ee-84bd-475f-9599-8835dab0f6cb, , berdiri, bersedekap, , 
387579, -876, 3952, -608, 77, 62d793ee-84bd-475f-9599-8835dab0f6cb, , berdiri, bersedekap, , 
387614, -933, 4033, -601, 77, 62d793ee-84bd-475f-9599-8835dab0f6cb, , berdiri, bersedekap, , 
387649, -838, 3964, -669, 77, 62d793ee-84bd-475f-9599-8835dab0f6cb, , berdiri, bersedekap, , 
387684, -861, 3960, -573, 77, 62d793ee-84bd-475f-9599-8835dab0f6cb, , berdiri, bersedekap, , 
387719, -852, 3940, -650, 77, 62d793ee-84bd-475f-9599-8835dab0f6cb, , berdiri, bersedekap, , 
387754, -867, 3952, -592, 77, 62d793ee-84bd-475f-9599-8835dab0f6cb, , berdiri, bersedekap, , 
387790, -887, 3954, -636, 77, 62d793ee-84bd-475f-9599-8835dab0f6cb, , berdiri, bersedekap, , 
387825, -913, 3932, -625, 77, 62d793ee-84bd-475f-9599-8835dab0f6cb, , berdiri, bersedekap, , 
387860, -882, 3972, -606, 77, 62d793ee-84bd-475f-9599-8835dab0f6cb, , berdiri, bersedekap, , 
387895, -871, 3947, -607, 77, 62d793ee-84bd-475f-9599-8835dab0f6cb, , berdiri, bersedekap, , 
387931, -865, 3953, -618, 77, 62d793ee-84bd-475f-9599-8835dab0f6cb, , berdiri, bersedekap, , 
387966, -867, 3934, -610, 77, 62d793ee-84bd-475f-9599-8835dab0f6cb, , berdiri, bersedekap, , 
388001, -904, 3984, -612, 77, 62d793ee-84bd-475f-9599-8835dab0f6cb, , berdiri, bersedekap, , 
388037, -883, 3999, -595, 77, 62d793ee-84bd-475f-9599-8835dab0f6cb, , berdiri, bersedekap, , 
388077, -824, 3995, -627, 76, 62d793ee-84bd-475f-9599-8835dab0f6cb, , berdiri, bersedekap, , 
388117, -834, 3944, -626, 76, 62d793ee-84bd-475f-9599-8835dab0f6cb, , berdiri, bersedekap, , 
388158, -847, 3940, -603, 76, 62d793ee-84bd-475f-9599-8835dab0f6cb, , berdiri, bersedekap, , 
388198, -833, 3954, -688, 76, 62d793ee-84bd-475f-9599-8835dab0f6cb, , berdiri, bersedekap, , 
388239, -883, 3998, -592, 76, 62d793ee-84bd-475f-9599-8835dab0f6cb, , berdiri, bersedekap, , 
388279, -843, 3954, -652, 76, 62d793ee-84bd-475f-9599-8835dab0f6cb, , berdiri, bersedekap, , 
388319, -850, 3954, -575, 76, 62d793ee-84bd-475f-9599-8835dab0f6cb, , berdiri, bersedekap, , 
388360, -839, 3959, -622, 76, 62d793ee-84bd-475f-9599-8835dab0f6cb, , berdiri, bersedekap, , 
388400, -854, 3974, -632, 76, 62d793ee-84bd-475f-9599-8835dab0f6cb, , berdiri, bersedekap, , 
388441, -825, 3981, -632, 76, 62d793ee-84bd-475f-9599-8835dab0f6cb, , berdiri, bersedekap, , 
388478, -816, 3945, -621, 76, 62d793ee-84bd-475f-9599-8835dab0f6cb, , berdiri, bersedekap, , 
388515, -833, 3956, -589, 76, 62d793ee-84bd-475f-9599-8835dab0f6cb, , berdiri, bersedekap, , 
388552, -831, 3977, -618, 76, 62d793ee-84bd-475f-9599-8835dab0f6cb, , berdiri, bersedekap, , 
388589, -818, 3971, -639, 76, 62d793ee-84bd-475f-9599-8835dab0f6cb, , berdiri, bersedekap, , 
388626, -821, 3979, -633, 76, 62d793ee-84bd-475f-9599-8835dab0f6cb, , berdiri, bersedekap, , 
388663, -833, 3991, -617, 76, 62d793ee-84bd-475f-9599-8835dab0f6cb, , berdiri, bersedekap, , 
388700, -811, 3972, -619, 76, 62d793ee-84bd-475f-9599-8835dab0f6cb, , berdiri, bersedekap, , 
388737, -831, 3960, -635, 76, 62d793ee-84bd-475f-9599-8835dab0f6cb, , berdiri, bersedekap, , 
388774, -864, 3953, -627, 76, 62d793ee-84bd-475f-9599-8835dab0f6cb, , berdiri, bersedekap, , 
388811, -844, 3970, -609, 76, 62d793ee-84bd-475f-9599-8835dab0f6cb, , berdiri, bersedekap, , 
388849, -824, 3988, -616, 76, 62d793ee-84bd-475f-9599-8835dab0f6cb, , berdiri, bersedekap, , 
388885, -798, 3970, -638, 76, 62d793ee-84bd-475f-9599-8835dab0f6cb, , berdiri, bersedekap, , 
388922, -785, 3928, -626, 76, 62d793ee-84bd-475f-9599-8835dab0f6cb, , berdiri, bersedekap, , 
388958, -830, 3966, -657, 76, 62d793ee-84bd-475f-9599-8835dab0f6cb, , berdiri, bersedekap, , 
388995, -831, 3939, -643, 76, 62d793ee-84bd-475f-9599-8835dab0f6cb, , berdiri, bersedekap, , 
389032, -828, 3981, -625, 76, 62d793ee-84bd-475f-9599-8835dab0f6cb, , berdiri, bersedekap, , 
389068, -836, 3978, -656, 76, 62d793ee-84bd-475f-9599-8835dab0f6cb, , berdiri, bersedekap, , 
389105, -821, 3946, -617, 76, 62d793ee-84bd-475f-9599-8835dab0f6cb, , berdiri, bersedekap, , 
389141, -841, 3977, -637, 76, 62d793ee-84bd-475f-9599-8835dab0f6cb, , berdiri, bersedekap, , 
389178, -801, 3983, -659, 76, 62d793ee-84bd-475f-9599-8835dab0f6cb, , berdiri, bersedekap, , 
389215, -818, 3956, -631, 76, 62d793ee-84bd-475f-9599-8835dab0f6cb, , berdiri, bersedekap, , 
389261, -839, 3971, -636, 76, 62d793ee-84bd-475f-9599-8835dab0f6cb, , berdiri, bersedekap, , 
389308, -842, 3955, -634, 76, 62d793ee-84bd-475f-9599-8835dab0f6cb, , berdiri, bersedekap, , 
389355, -840, 3939, -644, 76, 62d793ee-84bd-475f-9599-8835dab0f6cb, , berdiri, bersedekap, , 
389401, -818, 3961, -675, 76, 62d793ee-84bd-475f-9599-8835dab0f6cb, , berdiri, bersedekap, , 
389448, -846, 3975, -632, 76, 62d793ee-84bd-475f-9599-8835dab0f6cb, , berdiri, bersedekap, , 
389495, -820, 3948, -715, 76, 62d793ee-84bd-475f-9599-8835dab0f6cb, , berdiri, bersedekap, , 
389541, -822, 3965, -613, 76, 62d793ee-84bd-475f-9599-8835dab0f6cb, , berdiri, bersedekap, , 
389588, -823, 3966, -678, 76, 62d793ee-84bd-475f-9599-8835dab0f6cb, , berdiri, bersedekap, , 
389635, -833, 3966, -622, 76, 62d793ee-84bd-475f-9599-8835dab0f6cb, , berdiri, bersedekap, , 
389682, -853, 3991, -652, 76, 62d793ee-84bd-475f-9599-8835dab0f6cb, , berdiri, bersedekap, , 
389717, -848, 3950, -686, 76, 62d793ee-84bd-475f-9599-8835dab0f6cb, , berdiri, bersedekap, , 
389752, -818, 3959, -674, 76, 62d793ee-84bd-475f-9599-8835dab0f6cb, , berdiri, bersedekap, , 
389787, -813, 3937, -667, 76, 62d793ee-84bd-475f-9599-8835dab0f6cb, , berdiri, bersedekap, , 
389822, -832, 3989, -637, 76, 62d793ee-84bd-475f-9599-8835dab0f6cb, , berdiri, bersedekap, , 
389857, -866, 4040, -642, 76, 62d793ee-84bd-475f-9599-8835dab0f6cb, , berdiri, bersedekap, , 
389892, -856, 4011, -631, 76, 62d793ee-84bd-475f-9599-8835dab0f6cb, , berdiri, bersedekap, , 
389927, -828, 3945, -634, 76, 62d793ee-84bd-475f-9599-8835dab0f6cb, , berdiri, bersedekap, , 
389962, -859, 3969, -662, 76, 62d793ee-84bd-475f-9599-8835dab0f6cb, , berdiri, bersedekap, , 
389997, -871, 3996, -612, 76, 62d793ee-84bd-475f-9599-8835dab0f6cb, , berdiri, bersedekap, , 
390032, -873, 3972, -660, 76, 62d793ee-84bd-475f-9599-8835dab0f6cb, , berdiri, bersedekap, , 
390068, -851, 3959, -594, 76, 62d793ee-84bd-475f-9599-8835dab0f6cb, , berdiri, bersedekap, , 
390109, -826, 3959, -690, 76, 62d793ee-84bd-475f-9599-8835dab0f6cb, , berdiri, bersedekap, , 
390150, -862, 3909, -565, 76, 62d793ee-84bd-475f-9599-8835dab0f6cb, , berdiri, bersedekap, , 
390192, -826, 3926, -661, 76, 62d793ee-84bd-475f-9599-8835dab0f6cb, , berdiri, bersedekap, , 
390233, -818, 3895, -616, 76, 62d793ee-84bd-475f-9599-8835dab0f6cb, , berdiri, bersedekap, , 
390275, -869, 3929, -602, 76, 62d793ee-84bd-475f-9599-8835dab0f6cb, , berdiri, bersedekap, , 
390316, -861, 3984, -652, 76, 62d793ee-84bd-475f-9599-8835dab0f6cb, , berdiri, bersedekap, , 
390357, -864, 3976, -568, 76, 62d793ee-84bd-475f-9599-8835dab0f6cb, , berdiri, bersedekap, , 
390399, -850, 3976, -640, 76, 62d793ee-84bd-475f-9599-8835dab0f6cb, , berdiri, bersedekap, , 
390440, -854, 3912, -589, 76, 62d793ee-84bd-475f-9599-8835dab0f6cb, , berdiri, bersedekap, , 
390482, -867, 3971, -611, 76, 62d793ee-84bd-475f-9599-8835dab0f6cb, , berdiri, bersedekap, , 
390515, -865, 3996, -615, 76, 62d793ee-84bd-475f-9599-8835dab0f6cb, , berdiri, bersedekap, , 
390549, -885, 3982, -594, 76, 62d793ee-84bd-475f-9599-8835dab0f6cb, , berdiri, bersedekap, , 
390583, -854, 3923, -625, 76, 62d793ee-84bd-475f-9599-8835dab0f6cb, , berdiri, bersedekap, , 
390617, -856, 3949, -651, 76, 62d793ee-84bd-475f-9599-8835dab0f6cb, , berdiri, bersedekap, , 
390651, -874, 3935, -606, 76, 62d793ee-84bd-475f-9599-8835dab0f6cb, , berdiri, bersedekap, , 
390685, -841, 3995, -709, 76, 62d793ee-84bd-475f-9599-8835dab0f6cb, , berdiri, bersedekap, , 
390719, -850, 3942, -604, 76, 62d793ee-84bd-475f-9599-8835dab0f6cb, , berdiri, bersedekap, , 
390753, -845, 3954, -652, 76, 62d793ee-84bd-475f-9599-8835dab0f6cb, , berdiri, bersedekap, , 
390787, -896, 3939, -636, 76, 62d793ee-84bd-475f-9599-8835dab0f6cb, , berdiri, bersedekap, , 
390821, -870, 3955, -617, 76, 62d793ee-84bd-475f-9599-8835dab0f6cb, , berdiri, bersedekap, , 
390855, -872, 4006, -670, 76, 62d793ee-84bd-475f-9599-8835dab0f6cb, , berdiri, bersedekap, , 
390895, -890, 3955, -631, 76, 62d793ee-84bd-475f-9599-8835dab0f6cb, , berdiri, bersedekap, , 
390935, -869, 3953, -637, 76, 62d793ee-84bd-475f-9599-8835dab0f6cb, , berdiri, bersedekap, , 
390975, -894, 3969, -656, 76, 62d793ee-84bd-475f-9599-8835dab0f6cb, , berdiri, bersedekap, , 
391015, -863, 3944, -667, 76, 62d793ee-84bd-475f-9599-8835dab0f6cb, , berdiri, bersedekap, , 
391055, -849, 3941, -646, 76, 62d793ee-84bd-475f-9599-8835dab0f6cb, , berdiri, bersedekap, , 
391095, -854, 3978, -667, 76, 62d793ee-84bd-475f-9599-8835dab0f6cb, , berdiri, bersedekap, , 
391135, -870, 3958, -614, 76, 62d793ee-84bd-475f-9599-8835dab0f6cb, , berdiri, bersedekap, , 
391175, -868, 3944, -677, 76, 62d793ee-84bd-475f-9599-8835dab0f6cb, , berdiri, bersedekap, , 
391215, -875, 3955, -605, 76, 62d793ee-84bd-475f-9599-8835dab0f6cb, , berdiri, bersedekap, , 
391255, -856, 3960, -721, 76, 62d793ee-84bd-475f-9599-8835dab0f6cb, , berdiri, bersedekap, , 
391297, -919, 3975, -608, 76, 62d793ee-84bd-475f-9599-8835dab0f6cb, , berdiri, bersedekap, , 
391340, -849, 3959, -640, 76, 62d793ee-84bd-475f-9599-8835dab0f6cb, , berdiri, bersedekap, , 
391383, -875, 3966, -653, 76, 62d793ee-84bd-475f-9599-8835dab0f6cb, , berdiri, bersedekap, , 
391426, -869, 3941, -645, 76, 62d793ee-84bd-475f-9599-8835dab0f6cb, , berdiri, bersedekap, , 
391469, -862, 3966, -685, 76, 62d793ee-84bd-475f-9599-8835dab0f6cb, , berdiri, bersedekap, , 
391511, -851, 3931, -635, 76, 62d793ee-84bd-475f-9599-8835dab0f6cb, , berdiri, bersedekap, , 
391554, -861, 3948, -646, 76, 62d793ee-84bd-475f-9599-8835dab0f6cb, , berdiri, bersedekap, , 
391597, -862, 3959, -641, 76, 62d793ee-84bd-475f-9599-8835dab0f6cb, , berdiri, bersedekap, , 
391640, -884, 3961, -680, 76, 62d793ee-84bd-475f-9599-8835dab0f6cb, , berdiri, bersedekap, , 
391683, -836, 3942, -661, 76, 62d793ee-84bd-475f-9599-8835dab0f6cb, , berdiri, bersedekap, , 
391716, -841, 3930, -620, 76, 62d793ee-84bd-475f-9599-8835dab0f6cb, , berdiri, bersedekap, , 
391749, -876, 3978, -655, 76, 62d793ee-84bd-475f-9599-8835dab0f6cb, , berdiri, bersedekap, , 
391782, -840, 3953, -689, 76, 62d793ee-84bd-475f-9599-8835dab0f6cb, , berdiri, bersedekap, , 
391816, -863, 3965, -633, 76, 62d793ee-84bd-475f-9599-8835dab0f6cb, , berdiri, bersedekap, , 
391849, -854, 3978, -721, 76, 62d793ee-84bd-475f-9599-8835dab0f6cb, , berdiri, bersedekap, , 
391882, -868, 3958, -618, 76, 62d793ee-84bd-475f-9599-8835dab0f6cb, , berdiri, bersedekap, , 
391915, -844, 3954, -698, 76, 62d793ee-84bd-475f-9599-8835dab0f6cb, , berdiri, bersedekap, , 
391949, -877, 3944, -671, 76, 62d793ee-84bd-475f-9599-8835dab0f6cb, , berdiri, bersedekap, , 
391982, -852, 3964, -667, 76, 62d793ee-84bd-475f-9599-8835dab0f6cb, , berdiri, bersedekap, , 
392015, -870, 3950, -709, 76, 62d793ee-84bd-475f-9599-8835dab0f6cb, , berdiri, bersedekap, , 
392049, -837, 3944, -662, 76, 62d793ee-84bd-475f-9599-8835dab0f6cb, , berdiri, bersedekap, , 
392091, -859, 3960, -667, 76, 62d793ee-84bd-475f-9599-8835dab0f6cb, , berdiri, bersedekap, , 
392133, -864, 3983, -671, 76, 62d793ee-84bd-475f-9599-8835dab0f6cb, , berdiri, bersedekap, , 
392175, -874, 3948, -663, 76, 62d793ee-84bd-475f-9599-8835dab0f6cb, , berdiri, bersedekap, , 
392218, -877, 3942, -684, 76, 62d793ee-84bd-475f-9599-8835dab0f6cb, , berdiri, bersedekap, , 
392260, -878, 3928, -680, 76, 62d793ee-84bd-475f-9599-8835dab0f6cb, , berdiri, bersedekap, , 
392302, -863, 3934, -711, 76, 62d793ee-84bd-475f-9599-8835dab0f6cb, , berdiri, bersedekap, , 
392345, -853, 3913, -725, 76, 62d793ee-84bd-475f-9599-8835dab0f6cb, , berdiri, bersedekap, , 
392387, -864, 3939, -676, 76, 62d793ee-84bd-475f-9599-8835dab0f6cb, , berdiri, bersedekap, , 
392429, -886, 3982, -711, 76, 62d793ee-84bd-475f-9599-8835dab0f6cb, , berdiri, bersedekap, , 
392472, -849, 3979, -684, 76, 62d793ee-84bd-475f-9599-8835dab0f6cb, , berdiri, bersedekap, , 
392505, -857, 3941, -677, 76, 62d793ee-84bd-475f-9599-8835dab0f6cb, , berdiri, bersedekap, , 
392538, -872, 3954, -699, 76, 62d793ee-84bd-475f-9599-8835dab0f6cb, , berdiri, bersedekap, , 
392571, -878, 3962, -686, 76, 62d793ee-84bd-475f-9599-8835dab0f6cb, , berdiri, bersedekap, , 
392604, -865, 3952, -697, 76, 62d793ee-84bd-475f-9599-8835dab0f6cb, , berdiri, bersedekap, , 
392637, -847, 3947, -676, 76, 62d793ee-84bd-475f-9599-8835dab0f6cb, , berdiri, bersedekap, , 
392670, -865, 3946, -677, 76, 62d793ee-84bd-475f-9599-8835dab0f6cb, , berdiri, bersedekap, , 
392703, -881, 3964, -677, 76, 62d793ee-84bd-475f-9599-8835dab0f6cb, , berdiri, bersedekap, , 
392736, -857, 3908, -685, 76, 62d793ee-84bd-475f-9599-8835dab0f6cb, , berdiri, bersedekap, , 
392769, -880, 3919, -620, 76, 62d793ee-84bd-475f-9599-8835dab0f6cb, , berdiri, bersedekap, , 
